{
  "project_info": {
    "project_number": "170353436299",
    "project_id": "daniilss18019262-cs6051-cw",
    "storage_bucket": "daniilss18019262-cs6051-cw.appspot.com"
  },
  "client": [
    {
      "client_info": {
        "mobilesdk_app_id": "1:170353436299:android:db381ae4d3def29f59168e",
        "android_client_info": {
          "package_name": "com.example.daniilss18019262_cs6051_cw"
        }
      },
      "oauth_client": [
        {
          "client_id": "170353436299-ogd6drhgp1nk4nkkma2fm2fb3eipuo0a.apps.googleusercontent.com",
          "client_type": 3
        }
      ],
      "api_key": [
        {
          "current_key": "AIzaSyDdpmyUH3FyMGBXWAo95QLXq7CiAvrBCyE"
        }
      ],
      "services": {
        "appinvite_service": {
          "other_platform_oauth_client": [
            {
              "client_id": "170353436299-ogd6drhgp1nk4nkkma2fm2fb3eipuo0a.apps.googleusercontent.com",
              "client_type": 3
            }
          ]
        }
      }
    }
  ],
  "configuration_version": "1"
}